Workbook

Sheet Read Me
A1: Library Management System: Test Plan and Tracker
A2: Linked to Project Brief v1.0 (business rules BR-1 to BR-12, FR-1 to FR-10).
A4: How to use this workbook
A5: 1. Work through 'Test Cases' feature by feature, right after each feature is built. Do not move on until the High priority cases pass.
A6: 2. Fill only the light-yellow columns: Actual result, Status, Tested by, Date, Notes. Everything else is fixed.
A7: 3. Status values: Not run, Pass, Fail, Blocked. The Summary sheet updates automatically.
A8: 4. When a case fails, paste the exact steps, expected and actual result into the AI chat as a bug report. Re-test, then re-run earlier High priority cases to catch regressions.
A10: Example of a filled row (for format only)
A11: Case: Block issue for a member with an unpaid fine. Actual result: Blocked with message 'Member has an unpaid fine'. Status: Pass. Tested by: Soham. Date: 2026-11-02.
A13: Test data and setup tips
A14: Use the seed data from the brief: 1 librarian, 2 students, about 30 books, 10 members, overdue transactions, one Unpaid and one Paid fine, one Inactive member, one book with 0 copies.
A15: To test late returns without waiting, use the seeded overdue transactions, or for testing only edit a test transaction's issue and due dates in Supabase so it is N days overdue. Never do this to demo data you need.
... A24: Test Cases: the full checklist with steps, expected results and tracking columns.

Sheet Summary
A1: Test Progress Summary
A3: Feature | B3: Total | C3: Pass | D3: Fail | E3: Blocked | F3: Not run | G3: Pass %
A4: Login & Access Control | B4: =COUNTIF('Test Cases'!$B$2:$B$119,A4) -> 14 | C4: =COUNTIFS('Test Cases'!$B$2:$B$119,$A4,'Test Cases'!$J$2:$J$119,"Pass") -> 0 | D4: =COUNTIFS('Test Cases'!$B$2:$B$119,$A4,'Test Cases'!$J$2:$J$119,"Fail") -> 0 | E4: =COUNTIFS('Test Cases'!$B$2:$B$119,$A4,'Test Cases'!$J$2:$J$119,"Blocked") -> 0 | F4: =COUNTIFS('Test Cases'!$B$2:$B$119,$A4,'Test Cases'!$J$2:$J$119,"Not run") -> 14 | G4: =IF(B4=0,0,C4/B4) -> 0
A5: Catalogue Management | B5: =COUNTIF('Test Cases'!$B$2:$B$119,A5) -> 12 | C5: =COUNTIFS('Test Cases'!$B$2:$B$119,$A5,'Test Cases'!$J$2:$J$119,"Pass") -> 0 | D5: =COUNTIFS('Test Cases'!$B$2:$B$119,$A5,'Test Cases'!$J$2:$J$119,"Fail") -> 0 | E5: =COUNTIFS('Test Cases'!$B$2:$B$119,$A5,'Test Cases'!$J$2:$J$119,"Blocked") -> 0 | F5: =COUNTIFS('Test Cases'!$B$2:$B$119,$A5,'Test Cases'!$J$2:$J$119,"Not run") -> 12 | G5: =IF(B5=0,0,C5/B5) -> 0
A6: Member Management | B6: =COUNTIF('Test Cases'!$B$2:$B$119,A6) -> 8 | C6: =COUNTIFS('Test Cases'!$B$2:$B$119,$A6,'Test Cases'!$J$2:$J$119,"Pass") -> 0 | D6: =COUNTIFS('Test Cases'!$B$2:$B$119,$A6,'Test Cases'!$J$2:$J$119,"Fail") -> 0 | E6: =COUNTIFS('Test Cases'!$B$2:$B$119,$A6,'Test Cases'!$J$2:$J$119,"Blocked") -> 0 | F6: =COUNTIFS('Test Cases'!$B$2:$B$119,$A6,'Test Cases'!$J$2:$J$119,"Not run") -> 8 | G6: =IF(B6=0,0,C6/B6) -> 0
A7: Search & Availability | B7: =COUNTIF('Test Cases'!$B$2:$B$119,A7) -> 12 | C7: =COUNTIFS('Test Cases'!$B$2:$B$119,$A7,'Test Cases'!$J$2:$J$119,"Pass") -> 0 | D7: =COUNTIFS('Test Cases'!$B$2:$B$119,$A7,'Test Cases'!$J$2:$J$119,"Fail") -> 0 | E7: =COUNTIFS('Test Cases'!$B$2:$B$119,$A7,'Test Cases'!$J$2:$J$119,"Blocked") -> 0 | F7: =COUNTIFS('Test Cases'!$B$2:$B$119,$A7,'Test Cases'!$J$2:$J$119,"Not run") -> 12 | G7: =IF(B7=0,0,C7/B7) -> 0
A8: Issue Book | B8: =COUNTIF('Test Cases'!$B$2:$B$119,A8) -> 18 | C8: =COUNTIFS('Test Cases'!$B$2:$B$119,$A8,'Test Cases'!$J$2:$J$119,"Pass") -> 0 | D8: =COUNTIFS('Test Cases'!$B$2:$B$119,$A8,'Test Cases'!$J$2:$J$119,"Fail") -> 0 | E8: =COUNTIFS('Test Cases'!$B$2:$B$119,$A8,'Test Cases'!$J$2:$J$119,"Blocked") -> 0 | F8: =COUNTIFS('Test Cases'!$B$2:$B$119,$A8,'Test Cases'!$J$2:$J$119,"Not run") -> 18 | G8: =IF(B8=0,0,C8/B8) -> 0
A9: Return Book & Fines | B9: =COUNTIF('Test Cases'!$B$2:$B$119,A9) -> 11 | C9: =COUNTIFS('Test Cases'!$B$2:$B$119,$A9,'Test Cases'!$J$2:$J$119,"Pass") -> 0 | D9: =COUNTIFS('Test Cases'!$B$2:$B$119,$A9,'Test Cases'!$J$2:$J$119,"Fail") -> 0 | E9: =COUNTIFS('Test Cases'!$B$2:$B$119,$A9,'Test Cases'!$J$2:$J$119,"Blocked") -> 0 | F9: =COUNTIFS('Test Cases'!$B$2:$B$119,$A9,'Test Cases'!$J$2:$J$119,"Not run") -> 11 | G9: =IF(B9=0,0,C9/B9) -> 0
A10: Fine Payment | B10: =COUNTIF('Test Cases'!$B$2:$B$119,A10) -> 7 | C10: =COUNTIFS('Test Cases'!$B$2:$B$119,$A10,'Test Cases'!$J$2:$J$119,"Pass") -> 0 | D10: =COUNTIFS('Test Cases'!$B$2:$B$119,$A10,'Test Cases'!$J$2:$J$119,"Fail") -> 0 | E10: =COUNTIFS('Test Cases'!$B$2:$B$119,$A10,'Test Cases'!$J$2:$J$119,"Blocked") -> 0 | F10: =COUNTIFS('Test Cases'!$B$2:$B$119,$A10,'Test Cases'!$J$2:$J$119,"Not run") -> 7 | G10: =IF(B10=0,0,C10/B10) -> 0
A11: Student View | B11: =COUNTIF('Test Cases'!$B$2:$B$119,A11) -> 6 | C11: =COUNTIFS('Test Cases'!$B$2:$B$119,$A11,'Test Cases'!$J$2:$J$119,"Pass") -> 0 | D11: =COUNTIFS('Test Cases'!$B$2:$B$119,$A11,'Test Cases'!$J$2:$J$119,"Fail") -> 0 | E11: =COUNTIFS('Test Cases'!$B$2:$B$119,$A11,'Test Cases'!$J$2:$J$119,"Blocked") -> 0 | F11: =COUNTIFS('Test Cases'!$B$2:$B$119,$A11,'Test Cases'!$J$2:$J$119,"Not run") -> 6 | G11: =IF(B11=0,0,C11/B11) -> 0
A12: Slips & Printing | B12: =COUNTIF('Test Cases'!$B$2:$B$119,A12) -> 4 | C12: =COUNTIFS('Test Cases'!$B$2:$B$119,$A12,'Test Cases'!$J$2:$J$119,"Pass") -> 0 | D12: =COUNTIFS('Test Cases'!$B$2:$B$119,$A12,'Test Cases'!$J$2:$J$119,"Fail") -> 0 | E12: =COUNTIFS('Test Cases'!$B$2:$B$119,$A12,'Test Cases'!$J$2:$J$119,"Blocked") -> 0 | F12: =COUNTIFS('Test Cases'!$B$2:$B$119,$A12,'Test Cases'!$J$2:$J$119,"Not run") -> 4 | G12: =IF(B12=0,0,C12/B12) -> 0
A13: Offline Mode (PWA) | B13: =COUNTIF('Test Cases'!$B$2:$B$119,A13) -> 7 | C13: =COUNTIFS('Test Cases'!$B$2:$B$119,$A13,'Test Cases'!$J$2:$J$119,"Pass") -> 0 | D13: =COUNTIFS('Test Cases'!$B$2:$B$119,$A13,'Test Cases'!$J$2:$J$119,"Fail") -> 0 | E13: =COUNTIFS('Test Cases'!$B$2:$B$119,$A13,'Test Cases'!$J$2:$J$119,"Blocked") -> 0 | F13: =COUNTIFS('Test Cases'!$B$2:$B$119,$A13,'Test Cases'!$J$2:$J$119,"Not run") -> 7 | G13: =IF(B13=0,0,C13/B13) -> 0
A14: Non-Functional | B14: =COUNTIF('Test Cases'!$B$2:$B$119,A14) -> 12 | C14: =COUNTIFS('Test Cases'!$B$2:$B$119,$A14,'Test Cases'!$J$2:$J$119,"Pass") -> 0 | D14: =COUNTIFS('Test Cases'!$B$2:$B$119,$A14,'Test Cases'!$J$2:$J$119,"Fail") -> 0 | E14: =COUNTIFS('Test Cases'!$B$2:$B$119,$A14,'Test Cases'!$J$2:$J$119,"Blocked") -> 0 | F14: =COUNTIFS('Test Cases'!$B$2:$B$119,$A14,'Test Cases'!$J$2:$J$119,"Not run") -> 12 | G14: =IF(B14=0,0,C14/B14) -> 0
A15: Data Integrity & Dates | B15: =COUNTIF('Test Cases'!$B$2:$B$119,A15) -> 7 | C15: =COUNTIFS('Test Cases'!$B$2:$B$119,$A15,'Test Cases'!$J$2:$J$119,"Pass") -> 0 | D15: =COUNTIFS('Test Cases'!$B$2:$B$119,$A15,'Test Cases'!$J$2:$J$119,"Fail") -> 0 | E15: =COUNTIFS('Test Cases'!$B$2:$B$119,$A15,'Test Cases'!$J$2:$J$119,"Blocked") -> 0 | F15: =COUNTIFS('Test Cases'!$B$2:$B$119,$A15,'Test Cases'!$J$2:$J$119,"Not run") -> 7 | G15: =IF(B15=0,0,C15/B15) -> 0
A16: Total | B16: =SUM(B4:B15) -> 118 | C16: =SUM(C4:C15) -> 0 | D16: =SUM(D4:D15) -> 0 | E16: =SUM(E4:E15) -> 0 | F16: =SUM(F4:F15) -> 118 | G16: =IF(B16=0,0,C16/B16) -> 0
A18: High priority cases not yet passed: | B18: =COUNTIFS('Test Cases'!$E$2:$E$119,"High",'Test Cases'!$J$2:$J$119,"<>Pass") -> 63

Sheet Acceptance Criteria
A1: ID | B1: Feature | C1: Linked requirement | D1: Acceptance criterion
A2: AC-AUTH-01 | B2: Login & Access Control | C2: FR-10 | D2: Only users with valid credentials can access the app, and every dashboard page requires login.
A3: AC-AUTH-02 | B3: Login & Access Control | C3: NFR-2 | D3: Passwords are stored only as hashes, never as plain text.
A4: AC-AUTH-03 | B4: Login & Access Control | C4: FR-10 | D4: A student can sign up only with an email the librarian has already registered, and is linked to that member record.
A5: AC-AUTH-04 | B5: Login & Access Control | C5: FR-10 / RLS | D5: Students can never perform librarian actions or read other members' data, even by calling the database directly.
A6: AC-CAT-01 | B6: Catalogue Management | C6: FR-1 | D6: Librarian can add, edit and delete books, authors and categories. ISBN and category names must be unique.
A7: AC-CAT-02 | B7: Catalogue Management | C7: FR-1 / BR-5 | D7: A new book starts with available copies equal to total copies.
A8: AC-CAT-03 | B8: Catalogue Management | C8: BR-8 | D8: A book with an active issue cannot be deleted, and total copies cannot drop below the number currently issued.
A9: AC-MEM-01 | B9: Member Management | C9: FR-2 | D9: Librarian can register a member with name, contact details and membership type. New members are Active with a unique member code and unique email.
A10: AC-MEM-02 | B10: Member Management | C10: FR-2 | D10: Librarian can update contact details, membership type and status.
A11: AC-MEM-03 | B11: Member Management | C11: BR-8 | D11: A member with an active issue cannot be deleted.
A12: AC-SRCH-01 | B12: Search & Availability | C12: FR-9 / BR-9 | D12: Search matches partial, case-insensitive text across title, author, category and ISBN, for both librarian and students.
... A38: AC-DATA-02 | B38: Data Integrity & Dates | C38: BR-11 | D38: All dates use India time (Asia/Kolkata) and are compared as whole days.

Sheet Test Cases
A1: ID | B1: Feature | C1: Linked requirement | D1: Type | E1: Priority | F1: Test case | G1: Steps / input | H1: Expected result | I1: Actual result | J1: Status | K1: Tested by | L1: Date | M1: Notes
A2: TC-AUTH-01 | B2: Login & Access Control | C2: FR-10 | D2: Functional | E2: High | F2: Librarian logs in with valid credentials | G2: Open login page. Enter the librarian email and password. Click Log In. | H2: Librarian dashboard opens with all management menus. | J2: Not run
A3: TC-AUTH-02 | B3: Login & Access Control | C3: FR-10 | D3: Negative | E3: High | F3: Login with wrong password | G3: Enter a valid email and a wrong password. | H3: Login rejected with a generic error. No dashboard access. | J3: Not run
A4: TC-AUTH-03 | B4: Login & Access Control | C4: FR-10 | D4: Negative | E4: Medium | F4: Login with empty fields | G4: Leave email and password blank and click Log In. | H4: Validation message shown. No login attempt succeeds. | J4: Not run
A5: TC-AUTH-04 | B5: Login & Access Control | C5: FR-10 | D5: Functional | E5: High | F5: Student logs in with valid credentials | G5: Log in with a seeded student account. | H5: Student view opens (search and My account only). No librarian menus. | J5: Not run
A6: TC-AUTH-05 | B6: Login & Access Control | C6: FR-10 | D6: Security | E6: High | F6: Open a dashboard URL without logging in | G6: Log out, then paste a dashboard or management URL in the browser. | H6: Redirected to the login page. No data shown. | J6: Not run
A7: TC-AUTH-06 | B7: Login & Access Control | C7: NFR-2 | D7: Security | E7: High | F7: Passwords are not stored as plain text | G7: Check the auth users and database in the Supabase dashboard. | H7: No readable passwords anywhere. Only hashes (handled by Supabase Auth). | J7: Not run
A8: TC-AUTH-07 | B8: Login & Access Control | C8: FR-10 | D8: Functional | E8: Medium | F8: Student first-time sign-up with a registered email | G8: Librarian registers a member email. Student signs up with that same email. | H8: Account created and linked to the member record. Student sees only their own data. | J8: Not run
A9: TC-AUTH-08 | B9: Login & Access Control | C9: FR-10 | D9: Security | E9: High | F9: Sign-up with an email the librarian has not registered | G9: Try to sign up with an unregistered email. | H9: No access to any data. Clear message shown. | J9: Not run
A10: TC-AUTH-09 | B10: Login & Access Control | C10: FR-10 / RLS | D10: Security | E10: High | F10: Student opens librarian pages by URL | G10: While logged in as a student, paste URLs of Issue, Return, Members, Fines pages. | H10: Blocked or redirected. No librarian data shown. | J10: Not run
A11: TC-AUTH-10 | B11: Login & Access Control | C11: FR-10 / RLS | D11: Security | E11: High | F11: Student calls a librarian action directly | G11: As a student, call the issue/return/pay functions via the browser console or API tool. | H11: Rejected by the database. No data changed. | J11: Not run
A12: TC-AUTH-11 | B12: Login & Access Control | C12: FR-10 / RLS | D12: Security | E12: High | F12: Student tries to read another member's records | G12: As a student, query transactions and fines of a different member through the API. | H12: Only the student's own rows are returned. Others' rows are not visible. | J12: Not run
A13: TC-AUTH-12 | B13: Login & Access Control | C13: FR-10 | D13: Functional | E13: Medium | F13: Logout ends the session | G13: Log out, then press the browser Back button. | H13: Protected pages do not show data. Login required again. | J13: Not run
... A119: TC-DATA-07 | B119: Data Integrity & Dates | C119: Seed | D119: Functional | E119: Medium | F119: Seed script runs cleanly | G119: Run the SQL seed on an empty database. | H119: No errors. Data matches the brief (about 30 books, 10 members, overdue and fines). | J119: Not run
